{"extensionType":"field_faas","i18nMap":{"zh-CN":{"date":"日期（包含当天）","plusOrSubtract":"增加或减少","count":"工作日天数(自动取整)","result":"计算结果日期(包含当天)","plus":"加","subtract":"减"},"en-US":{"date":"Date (inclusive)","plusOrSubtract":"Add or Subtract","count":"Number of Workdays (automatically rounded)","result":"Calculated Result Date (inclusive)","plus":"Add","subtract":"Subtract"},"ja-JP":{"date":"日付（当日を含む）","plusOrSubtract":"増加または減少","count":"営業日数（自動丸め）","result":"計算結果の日付（当日を含む）","plus":"加算","subtract":"減算"}},"fields":[{"fieldType":25,"uiSchema":{"fieldsConfigEditor":{"component":"OpenFieldMetaEditor","props":{"schema":{"items":[{"key":"date","label":"${{date}}","component":"FieldSelect","props":{"supportType":[5]},"validator":{"required":true}},{"key":"plusOrSubtract","label":"${{plusOrSubtract}}","component":"Radio","props":{"options":[{"label":"${{plus}}","value":true},{"label":"${{subtract}}","value":false}]},"validator":{"required":true}},{"key":"count","label":"${{count}}","component":"FieldSelect","props":{"supportType":[2]},"validator":{"required":true}}]}}}},"presetFieldConfig":{"fieldProperty":{"propertyType":25,"icon":{"light":"https://lf3-static.bytednsdoc.com/obj/eden-cn/eqgeh7upeubqnulog/chatbot.svg"},"properties":[{"key":"id","title":"id","hidden":true,"propertyType":1},{"key":"primaryProperty","title":"${{result}}","propertyType":1}]},"externalEditorConfig":{}}}]}